<!DOCTYPE hibernate-configuration PUBLIC
        "-//Hibernate/Hibernate Configuration DTD 3.0//EN"
        "http://hibernate.sourceforge.net/hibernate-configuration-3.0.dtd">
<hibernate-configuration>
    <session-factory>
        <property name="hibernate.connection.driver_class">com.mysql.cj.jdbc.Driver</property>
        <property name="hibernate.connection.url">jdbc:mysql://localhost:3306/gestion_vehiculos</property>
        <property name="hibernate.connection.username">root</property>
        <property name="hibernate.connection.password">root</property>
        <!-- <property name="hibernate.dialect">org.hibernate.dialect.MySQL5Dialect</property> -->
        <property name="hibernate.show_sql">false</property>
        <property name="hibernate.hbm2ddl.auto">update</property>
        <mapping class="com.gestion.entities.Vehiculo"/>
        <mapping class="com.gestion.entities.Propietario"/>
        <mapping class="com.gestion.entities.TipoVehiculo"/>
        <mapping class="com.gestion.entities.HistorialMantenimiento"/>
    </session-factory>
</hibernate-configuration>