<?xml version="1.0" encoding="UTF-8" standalone="no"?><biblioteca>
    <libro>
        <titulo>El Quijote</titulo>
        <autor>Miguel de Cervantes</autor>
        <año>1605</año>
    </libro>
    <libro>
        <titulo>Cien Años de Soledad</titulo>
        <autor>Gabriel García Márquez</autor>
        <año>1967</año>
    </libro>
    <libro>
        <titulo>1984</titulo>
        <autor>George Orwell</autor>
        <año>1949</año>
    </libro>
<libro><titulo>El Señor de los Anillos</titulo><autor>J.R.R. Tolkien</autor><año>1954</año></libro></biblioteca>