<?xml version='1.0' encoding='utf-8'?>
<!DOCTYPE hibernate-configuration PUBLIC
        "-//Hibernate/Hibernate Configuration DTD 3.0//EN"
        "http://www.hibernate.org/dtd/hibernate-configuration-3.0.dtd">
<hibernate-configuration>
    <session-factory>
        <!-- Database -->
        <property name="connection.url">jdbc:mysql://localhost:3306/inventario</property>
        <!-- <property name="connection.driver_class">com.mysql.jdbc.Driver</property> -->
        <property name="connection.driver_class">com.mysql.cj.jdbc.Driver</property>
        <property name="connection.username">root</property>
        <property name="connection.password">root</property>
        <!-- Dialecto -->
        <!-- <property name="hibernate.dialect">org.hibernate.dialect.MySQLDialect</property> -->
        <!-- Modo de operación -->
        <property name="hbm2ddl.auto">update</property>
        <property name="hibernate.show_sql">true</property>
        <property name="hibernate.format_sql">true</property>
        <property name="hibernate.transaction.jta.platform">org.hibernate.service.jta.JtaService</property>
        <mapping class="com.example.Producto"/>
    </session-factory>
</hibernate-configuration>
